"sent_id","per:title","org:founded_by","per:place_of_birth","per:children","per:alternate_names","per:cause_of_death","org:top_members_employees","per:employee_or_member_of","per:spouse","org:alternate_names","per:age","org:subsidiaries","per:place_of_death","per:schools_attended","org:place_of_headquarters","per:charges","per:origin","per:places_of_residence","none","per:title_cos","org:founded_by_cos","per:place_of_birth_cos","per:children_cos","per:alternate_names_cos","per:cause_of_death_cos","org:top_members_employees_cos","per:employee_or_member_of_cos","per:spouse_cos","org:alternate_names_cos","per:age_cos","org:subsidiaries_cos","per:place_of_death_cos","per:schools_attended_cos","org:place_of_headquarters_cos","per:charges_cos","per:origin_cos","per:places_of_residence_cos","none_cos","max_cos","max_rel","seed_relation","seed_relation_cos","term1","b1","e1","term2","b2","e2","sentence"
"CONTEXT_NEG_4129",0,0,0,0,0,0,3,0,0,0,0,0,0,0,0,0,0,0,12,0,0,0,0,0,0,0.242535625036333,0,0,0,0,0,0,0,0,0,0,0,0.970142500145332,0.970142500145332,"none","org:founded_by",0,"Rosoboronexport","25","26","Mikhail Dmitriyev","40","42","The Kremlin chief is accompanied to Damascus by the president of Russian warplane maker Irkut , Oleg Demchenko , the head of Russian arms exporter Rosoboronexport , Anatoly Isaikin and the head of the Federal Agency for Military Cooperation , Mikhail Dmitriyev ."
"CONTEXT_NEG_679",1,0,0,0,0,0,0,0,0,0,0,0,0,0,0,5,0,7,2,0.112508790092602,0,0,0,0,0,0,0,0,0,0,0,0,0,0,0.562543950463012,0,0.787561530648217,0.225017580185205,0.787561530648217,"per:places_of_residence","per:place_of_birth",0,"Adam Gadahn","3","5","Pakistan","9","10","America-born al-Qaida spokesman Adam Gadahn has been arrested in Pakistan , reports said Sunday ."
"CONTEXT_NEG_1748",0,0,0,0,0,1,0,0,12,0,0,0,1,0,0,0,0,0,1,0,0,0,0,0,0.0824786098842323,0,0,0.989743318610787,0,0,0,0.0824786098842323,0,0,0,0,0,0.0824786098842323,0.989743318610787,"per:spouse","per:children",0,"Laurent Fignon","14","16","Valerie Fignon","1","3","`` Valerie Fignon , his wife , is sad to announce the death of Laurent Fignon today '' , said the hospital statement quoted by local medias ."
"CONTEXT_NEG_2989",0,0,0,0,0,3,1,0,0,1,8,1,1,0,1,0,0,1,3,0,0,0,0,0,0.319801074533416,0.106600358177805,0,0,0.106600358177805,0.852802865422442,0.106600358177805,0.106600358177805,0,0.106600358177805,0,0,0.106600358177805,0.319801074533416,0.852802865422442,"per:age","per:cause_of_death",0.319801074533416,"Don Meredith","3","5","age","24","25","Dallas Cowboys icon Don Meredith , one of the NFL franchise 's first stars , has died after suffering a brain hemorrhage at the age of 72 , the team said ."
"CONTEXT_NEG_4339",0,0,0,0,0,0,4,0,0,0,0,6,0,0,0,0,0,0,5,0,0,0,0,0,0,0.455842305838552,0,0,0,0,0.683763458757828,0,0,0,0,0,0,0.56980288229819,0.683763458757828,"org:subsidiaries","org:top_members_employees",0.455842305838552,"Arcandor","0","1","Thomas Cook","6","8","Arcandor holds a majority stake in Thomas Cook ."
"CONTEXT_NEG_1958",0,0,0,0,0,0,0,0,13,0,0,0,0,0,0,0,0,0,2,0,0,0,0,0,0,0,0,0.988371697650617,0,0,0,0,0,0,0,0,0,0.152057184253941,0.988371697650617,"per:spouse","per:spouse",0.988371697650617,"Edwards","2","3","John Edwards","36","38","-- Elizabeth Edwards , 61 , who captured Americans ' sympathy and admiration for her grace in coping with the death of a child , breast cancer and the infidelity of her husband , presidential candidate John Edwards , in Chapel Hill , North Carolina after a six-year battle with the disease ."
"CONTEXT_NEG_466",0,0,0,0,0,0,1,0,0,1,0,0,0,0,2,0,0,0,13,0,0,0,0,0,0,0.0755928946018454,0,0,0.0755928946018454,0,0,0,0,0.151185789203691,0,0,0,0.982707629823991,0.982707629823991,"none","per:employee_or_member_of",0,"Montcourt","3","4","Czech Republic","28","30","Last month , Montcourt achieved his highest career ranking of 104 after reaching the second round at Roland Garros , where he lost to Radek Stepanek of the Czech Republic in four sets ."
"CONTEXT_NEG_1460",1,0,0,0,0,3,0,0,0,0,0,1,4,0,1,0,0,6,4,0.111803398874989,0,0,0,0,0.335410196624968,0,0,0,0,0,0.111803398874989,0.447213595499958,0,0.111803398874989,0,0,0.670820393249937,0.447213595499958,0.670820393249937,"per:places_of_residence","per:place_of_birth",0,"Robert Kissel","0","2","Connecticut","22","23","Robert Kissel 's family suffered a further tragedy in 2006 , when his brother Andrew was found murdered in his house in Connecticut , bound and with multiple stab wounds ."
"CONTEXT_NEG_3356",3,0,0,0,0,0,13,0,0,0,0,0,0,0,0,0,0,0,0,0.224859506698758,0,0,0,0,0,0.97439119569462,0,0,0,0,0,0,0,0,0,0,0,0,0.97439119569462,"org:top_members_employees","org:top_members_employees",0.97439119569462,"United Steelworkers","14","16","Mark Glyptis","9","11","About 35 workers were cut this week , said Mark Glyptis , president of United Steelworkers Local 2911 ."
"CONTEXT_NEG_2081",1,1,0,0,0,1,1,0,0,0,1,3,1,0,0,0,0,0,10,0.0932504808240314,0.0932504808240314,0,0,0,0.0932504808240314,0.0932504808240314,0,0,0,0.0932504808240314,0.279751442472094,0.0932504808240314,0,0,0,0,0,0.932504808240314,0.932504808240314,"none","per:age",0.0932504808240314,"Maria Kaczynska","6","8","dozens","9","10","Besides the president and his wife Maria Kaczynska , dozens of other senior Polish political figures and military top brass perished ."
"CONTEXT_NEG_2390",1,0,1,0,0,0,0,0,0,1,0,2,0,0,5,0,3,1,5,0.122169444356305,0,0.122169444356305,0,0,0,0,0,0,0.122169444356305,0,0.24433888871261,0,0,0.610847221781526,0,0.366508333068916,0.122169444356305,0.610847221781526,0.610847221781526,"org:place_of_headquarters,none","per:place_of_death",0,"Merce Cunningham","19","21","London","24","25","The success of New York City Ballet , the Graham company and others ( notably Alvin Ailey 's and Merce Cunningham 's ) in London in the 1960s made a great impression back in the United States and in other countries ; Mason had worked hard to make it happen ."
"CONTEXT_NEG_3025",5,0,0,0,0,1,0,0,0,0,0,0,1,0,0,0,0,0,9,0.481125224324688,0,0,0,0,0.0962250448649376,0,0,0,0,0,0,0.0962250448649376,0,0,0,0,0,0.866025403784439,0.866025403784439,"none","per:schools_attended",0,"Don Meredith","27","29","NFL","43","44","It reported the team 's massive out-of-town and out-of-state following , the league 's first Spanish-language network , a pervasive TV presence that included former Cowboys quarterback Don Meredith 's homey work on Monday Night Football , a decade of consistently leading the NFL in souvenir sales , a celebrity connection fostered by years of staging summer training camps just outside of Los Angeles ."
"CONTEXT_NEG_4427",0,0,0,0,0,0,0,0,0,1,0,3,0,0,0,0,0,0,11,0,0,0,0,0,0,0,0,0,0.0873704056661038,0,0.262111216998311,0,0,0,0,0,0,0.961074462327142,0.961074462327142,"none","org:alternate_names",0.0873704056661038,"STX Finland","1","3","P&O Ferries","11","13","Shipbuilder STX Finland started the construction of a second ferry for P&O Ferries on Tuesday , in an overall deal valued at ( EURO ) 360 million ( $530 million ) , the company said ."
"CONTEXT_NEG_3027",0,0,0,0,0,2,2,0,0,0,0,2,0,1,0,0,1,0,8,0,0,0,0,0,0.226455406828919,0.226455406828919,0,0,0,0,0.226455406828919,0,0.11322770341446,0,0,0.11322770341446,0,0.905821627315677,0.905821627315677,"none","per:schools_attended",0.11322770341446,"Don Meredith","3","5","NFL","9","10","Dallas Cowboys icon Don Meredith , one of the NFL franchise 's first stars , has died after suffering a brain hemorrhage at the age of 72 , the team said ."
"CONTEXT_NEG_639",0,1,0,0,4,0,1,0,0,0,0,0,0,0,0,1,0,1,8,0,0.109108945117996,0,0,0.436435780471985,0,0.109108945117996,0,0,0,0,0,0,0,0,0.109108945117996,0,0.109108945117996,0.87287156094397,0.87287156094397,"none","per:alternate_names",0.436435780471985,"Gadahn","10","11","Abu Yahiya","6","8","But three senior security officials said Abu Yahiya was not Gadahn ."
"CONTEXT_NEG_3905",0,0,1,0,0,1,2,0,0,1,0,0,1,0,12,1,0,1,0,0,0,0.080582296402538,0,0,0.080582296402538,0.161164592805076,0,0,0.080582296402538,0,0,0.080582296402538,0,0.966987556830456,0.080582296402538,0,0.080582296402538,0,0.966987556830456,"org:place_of_headquarters","org:place_of_headquarters",0.966987556830456,"Bipartisan Policy Center","22","25","Washington","26","27","`` There is a little bit of a window, '' said Jason Grumet , an energy expert and the head of the Bipartisan Policy Center in Washington ."
"CONTEXT_NEG_2489",0,0,0,0,0,0,0,0,2,0,0,0,0,0,0,12,0,0,2,0,0,0,0,0,0,0,0,0.162221421130763,0,0,0,0,0,0,0.973328526784575,0,0,0.162221421130763,0.973328526784575,"per:charges","per:charges",0.973328526784575,"Goody","5","6","rape","8","9","Widower of British TV star Goody cleared of rape"
"CONTEXT_NEG_494",0,0,0,0,0,4,1,0,0,0,0,0,1,0,0,0,0,0,9,0,0,0,0,0,0.402015126103685,0.100503781525921,0,0,0,0,0,0.100503781525921,0,0,0,0,0,0.904534033733291,0.904534033733291,"none","per:cause_of_death",0.402015126103685,"Dio","9","10","stomach cancer","15","17","No cause was given , but in recent months Dio had spoken about suffering from stomach cancer , and his band , Heaven and Hell , canceled its summer tour because of his health ."
"CONTEXT_NEG_659",0,0,0,0,0,0,0,0,0,0,0,0,0,0,0,3,2,3,8,0,0,0,0,0,0,0,0,0,0,0,0,0,0,0,0.323498319610315,0.215665546406877,0.323498319610315,0.862662185627507,0.862662185627507,"none","per:places_of_residence",0.323498319610315,"Adam Gadahn","35","37","Karachi","21","22","KARACHI , Pakistan â€“ The American-born spokesman for al-Qaida has been arrested by Pakistani intelligence officers in the southern city of Karachi , two officers and a government official said Sunday , the same day Adam Gadahn appeared in a video urging U.S. Muslims to attack their own country ."
"CONTEXT_NEG_1049",0,1,0,0,0,1,4,0,0,1,0,0,0,0,0,0,0,0,10,0,0.0916698497028211,0,0,0,0.0916698497028211,0.366679398811285,0,0,0.0916698497028211,0,0,0,0,0,0,0,0,0.916698497028211,0.916698497028211,"none","per:spouse",0,"Haig","0","1","Reagan","6","7","Haig served for 17 months before Reagan dismissed him with a one-page letter on June 24 , 1982 ."
"CONTEXT_NEG_3323",0,2,0,0,0,0,0,0,0,14,0,0,0,0,0,0,0,0,1,0,0.14106912317172,0,0,0,0,0,0,0,0.987483862202038,0,0,0,0,0,0,0,0,0.0705345615858598,0.987483862202038,"org:alternate_names","org:subsidiaries",0,"United Steelworkers of America","6","10","USW","11","12","He 's just bowing to the United Steelworkers of America ( USW ) because they ca n't compete ."
"CONTEXT_NEG_2254",9,0,0,0,1,1,0,0,0,1,0,0,0,0,0,0,1,0,3,0.928279121632914,0,0,0,0.103142124625879,0.103142124625879,0,0,0,0.103142124625879,0,0,0,0,0,0,0.103142124625879,0,0.309426373877638,0.928279121632914,"per:title","per:title",0.928279121632914,"Koirala","4","5","broker","3","4","Nepal mourns peace broker Koirala"
"CONTEXT_NEG_902",2,0,0,0,0,0,5,0,0,1,0,1,0,0,0,0,0,0,7,0.223606797749979,0,0,0,0,0,0.559016994374947,0,0,0.111803398874989,0,0.111803398874989,0,0,0,0,0,0,0.782623792124926,0.782623792124926,"none","per:children",0,"Haig","13","14","H.R. Haldeman","19","21","The next year , as the Watergate scandal deepened , Nixon turned to Haig and appointed him to succeed H.R. Haldeman as White House chief of staff ."
"CONTEXT_NEG_2179",1,0,0,0,1,1,4,0,0,0,1,0,2,0,2,0,0,0,8,0.104257207028537,0,0,0,0.104257207028537,0.104257207028537,0.41702882811415,0,0,0,0.104257207028537,0,0.208514414057075,0,0.208514414057075,0,0,0,0.834057656228299,0.834057656228299,"none","per:age",0.104257207028537,"Girija Prasad Koirala","6","9","one","10","11","Close aides say former Prime Minister Girija Prasad Koirala , one of Nepal 's most prominent politicians , has died at age 86 ."
"CONTEXT_NEG_4055",0,1,0,0,1,0,0,0,0,1,0,6,0,0,0,0,0,0,8,0,0.0985329278164293,0,0,0.0985329278164293,0,0,0,0,0.0985329278164293,0,0.591197566898576,0,0,0,0,0,0,0.788263422531435,0.788263422531435,"none","org:subsidiaries",0.591197566898576,"SASAC","40","41","China National Machinery Industry Corporation","33","38","With approvals from the State Council , China Textile Academy became a subsidiary of China General Technology ( Group ) Holding Limited and Chinese Academy of Agricultural Mechanization Sciences became a subsidiary of China National Machinery Industry Corporation , the SASAC said ."
"CONTEXT_NEG_2138",2,0,0,1,0,0,0,0,0,0,0,1,11,0,0,1,0,0,2,0.174077655955698,0,0,0.0870388279778489,0,0,0,0,0,0,0,0.0870388279778489,0.957427107756338,0,0,0.0870388279778489,0,0,0.174077655955698,0.957427107756338,"per:place_of_death","per:origin",0,"Maria Kaczynska","9","11","Russia","19","20","A plane carrying the body of Polish first lady Maria Kaczynska landed in Warsaw Tuesday after flying in from Russia where she was killed in an air crash with her husband and 94 others , an AFP reporter said ."
"CONTEXT_NEG_443",0,0,0,0,0,2,0,0,0,0,0,0,13,0,0,0,0,0,0,0,0,0,0,0,0.152057184253941,0,0,0,0,0,0,0.988371697650617,0,0,0,0,0,0,0.988371697650617,"per:place_of_death","per:origin",0,"Mohammed Sayed Tantawi","6","9","Saudi Arabia","35","37","Egypt 's top cleric , Sheik Mohammed Sayed Tantawi , known for promoting the government agenda against female genital mutilation and the face veil , died of a heart attack Wednesday during a visit to Saudi Arabia ."
"CONTEXT_NEG_3585",0,0,0,0,0,0,0,0,0,1,0,10,0,0,0,0,0,0,5,0,0,0,0,0,0,0,0,0,0.0890870806374748,0,0.890870806374748,0,0,0,0,0,0,0.445435403187374,0.890870806374748,"org:subsidiaries","org:subsidiaries",0.890870806374748,"Burlington Northern Santa Fe Corp","14","19","Berkshire Hathaway","7","9","The announcement comes on the same day Berkshire Hathaway said it will buy the Burlington Northern Santa Fe Corp ."
"CONTEXT_NEG_2084",1,0,1,0,0,2,3,0,6,1,0,1,1,0,0,0,0,0,4,0.119522860933439,0,0.119522860933439,0,0,0.239045721866879,0.358568582800318,0,0.717137165600636,0.119522860933439,0,0.119522860933439,0.119522860933439,0,0,0,0,0,0.478091443733757,0.717137165600636,"per:spouse","per:alternate_names",0,"Maria Kaczynska","7","9","Lech Kaczynski","17","19","The body of Poland 's first lady Maria Kaczynska , killed in an air crash with President Lech Kaczynski and other state officials , has been identified and will be brought home Tuesday , an aide said Monday ."
"CONTEXT_NEG_3404",0,0,0,0,0,0,1,0,0,1,0,6,0,0,0,0,0,0,9,0,0,0,0,0,0,0.0916698497028211,0,0,0.0916698497028211,0,0.550019098216927,0,0,0,0,0,0,0.82502864732539,0.82502864732539,"none","org:alternate_names",0.0916698497028211,"A123 Systems Inc.","24","27","Fedex Corp.","14","16","Top executives with more than a dozen companies , including Nissan Motor Co. , Fedex Corp. , electric utility PG&E Corp. and battery developers A123 Systems Inc. and Johnson Controls-Saft , announced the formation of the Electrification Coalition to lay the groundwork for millions of electric cars to reach U.S. highways ."
"CONTEXT_NEG_3351",0,0,0,0,1,0,13,0,0,0,0,1,0,1,0,0,1,0,1,0,0,0,0,0.0758098043578903,0,0.985527456652574,0,0,0,0,0.0758098043578903,0,0.0758098043578903,0,0,0.0758098043578903,0,0.0758098043578903,0.985527456652574,"org:top_members_employees","org:top_members_employees",0.985527456652574,"United Steelworkers","6","8","Leo Gerard","0","2","Leo Gerard , president of the United Steelworkers union , said in a separate statement that the union looks forward to working with Kirk and the Obama administration `` to make sure that today 's speech is followed by an integrated action plan . ''"
"CONTEXT_NEG_1177",0,0,0,0,1,0,0,0,2,0,0,0,0,0,0,0,1,0,11,0,0,0,0,0.0887356509416114,0,0,0,0.177471301883223,0,0,0,0,0,0,0,0.0887356509416114,0,0.976092160357725,0.976092160357725,"none","per:children",0,"Pekar","24","25","Pekar","10","11","No one in their artistic circle believes the relationship between Pekar and Seibel crossed professional boundaries , but some could see how it strained Pekar 's marriage ."
"CONTEXT_NEG_1913",0,0,0,0,0,1,0,0,0,0,0,0,5,0,0,0,1,4,4,0,0,0,0,0,0.130188910980824,0,0,0,0,0,0,0.650944554904119,0,0,0,0.130188910980824,0.520755643923296,0.520755643923296,0.650944554904119,"per:place_of_death","per:places_of_residence",0.520755643923296,"Edwards","37","38","Chapel Hill","40","42","-- Elizabeth Edwards , 61 , who captured Americans ' sympathy and admiration for her grace in coping with the death of a child , breast cancer and the infidelity of her husband , presidential candidate John Edwards , in Chapel Hill , North Carolina after a six-year battle with the disease ."
"CONTEXT_NEG_1172",2,0,0,0,0,0,1,0,9,0,0,0,1,0,1,0,1,1,2,0.206284249251759,0,0,0,0,0,0.103142124625879,0,0.928279121632914,0,0,0,0.103142124625879,0,0.103142124625879,0,0.103142124625879,0.103142124625879,0.206284249251759,0.928279121632914,"per:spouse","per:children",0,"Pekar","14","15","Joyce Brabner","21","23","Capt. Michael Cannon of the Cleveland Heights Police Department , which was summoned to Pekar 's home by his wife , Joyce Brabner , told The Associated Press that Pekar had suffered from prostate cancer , asthma , high blood pressure and depression ."
"CONTEXT_NEG_4093",0,0,0,0,0,0,0,0,0,1,0,4,0,0,1,0,0,1,8,0,0,0,0,0,0,0,0,0,0.10976425998969,0,0.439057039958761,0,0,0.10976425998969,0,0,0.10976425998969,0.878114079917523,0.878114079917523,"none","org:alternate_names",0.10976425998969,"Bank Julius Baer","0","3","HKMA","26","27","Bank Julius Baer , a traditional private bank based in Zurich of Switzerland , was granted a banking license by the Hong Kong Monetary Authority ( HKMA ) , the HKMA said Wednesday in a statement ."
"CONTEXT_NEG_1572",0,1,1,1,1,0,0,0,1,0,0,0,1,0,1,1,0,2,11,0,0.086710996952412,0.086710996952412,0.086710996952412,0.086710996952412,0,0,0,0.086710996952412,0,0,0,0.086710996952412,0,0.086710996952412,0.086710996952412,0,0.173421993904824,0.953820966476532,0.953820966476532,"none","per:employee_or_member_of",0,"Abdul Aziz Al-Hakim","4","7","CNN","0","1","CNN notes , `` Abdul Aziz Al-Hakim spent years in Iran as an exile , but returned to Iraq in 2003 following the overthrow of Saddam Hussein ."
"CONTEXT_NEG_3123",0,0,0,0,0,0,0,0,0,1,0,0,13,0,0,0,0,1,0,0,0,0,0,0,0,0,0,0,0.0764719112901873,0,0,0.994134846772434,0,0,0,0,0.0764719112901873,0,0.994134846772434,"per:place_of_death","per:place_of_birth",0,"Orlando Zapata","3","5","Havana","9","10","Leading Cuban dissident Orlando Zapata died Tuesday in a Havana hospital on the 85th day of a hunger strike , medical officials told AFP ."
"CONTEXT_NEG_557",0,0,0,0,1,1,0,0,0,1,0,0,0,0,0,13,0,0,1,0,0,0,0,0.0760285921269706,0.0760285921269706,0,0,0,0.0760285921269706,0,0,0,0,0,0.988371697650617,0,0,0.0760285921269706,0.988371697650617,"per:charges","per:charges",0.988371697650617,"Anthony Marshall","0","2","elder abuse","5","7","Anthony Marshall was cleared of elder abuse , but his stewardship of Astor 's estate is now the subject of an ongoing Manhattan grand jury investigation ."
"CONTEXT_NEG_1181",0,0,0,1,0,0,1,0,0,0,0,0,0,0,0,1,1,1,11,0,0,0,0.0890870806374748,0,0,0.0890870806374748,0,0,0,0,0,0,0,0,0.0890870806374748,0.0890870806374748,0.0890870806374748,0.979957887012223,0.979957887012223,"none","per:children",0.0890870806374748,"Pekar","11","12","Seibel","0","1","Seibel , whose husband and three children also became acquainted with Pekar , said Brabner would abruptly pull Pekar out of their telephone conversations , and that she tried to interfere with a Brooklyn book-signing event at which Seibel appeared with Pekar in November ."
"CONTEXT_NEG_2008",1,0,0,1,0,0,0,0,0,0,0,0,0,0,1,0,0,0,13,0.0762492851663023,0,0,0.0762492851663023,0,0,0,0,0,0,0,0,0,0,0.0762492851663023,0,0,0,0.99124070716193,0.99124070716193,"none","per:cause_of_death",0,"Vitaly Ginzburg","0","2","bomb","16","17","Vitaly Ginzburg , a Nobel-prize winning Russian physicist and one of the fathers of Soviet hydrogen bomb , has died in Moscow ."
"CONTEXT_NEG_372",0,1,0,0,1,0,1,0,0,1,0,0,2,0,0,0,0,3,8,0,0.111111111111111,0,0,0.111111111111111,0,0.111111111111111,0,0,0.111111111111111,0,0,0.222222222222222,0,0,0,0,0.333333333333333,0.888888888888889,0.888888888888889,"none","per:origin",0,"Ali Akbar Khan","0","3","United States","13","15","Ali Akbar Khan , who helped introduce North Indian classical music to the United States , has died ."
"CONTEXT_NEG_4213",0,1,0,0,0,0,2,0,0,0,0,3,0,0,0,1,1,0,7,0,0.124034734589208,0,0,0,0,0.248069469178417,0,0,0,0,0.372104203767625,0,0,0,0.124034734589208,0.124034734589208,0,0.868243142124459,0.868243142124459,"none","org:founded_by",0.124034734589208,"Arcandor","12","13","Thomas Cook","0","2","Thomas Cook , meanwhile , has been insulated from the turmoil at Arcandor , and jobs there are not believed to be at risk ."
"CONTEXT_NEG_1789",0,0,0,0,1,3,1,0,0,0,0,1,3,1,0,0,1,1,9,0,0,0,0,0.0975900072948533,0.29277002188456,0.0975900072948533,0,0,0,0,0.0975900072948533,0.29277002188456,0.0975900072948533,0,0,0.0975900072948533,0.0975900072948533,0.87831006565368,0.87831006565368,"none","per:employee_or_member_of",0,"Laurent Fignon","0","2","French Cycling Federation","37","40","Laurent Fignon , a Frenchman who twice won the Tour de France but was defeated by American rival Greg LeMond in arguably the event 's greatest race , died Tuesday after a battle with cancer , the French Cycling Federation said ."
"CONTEXT_NEG_2048",1,1,1,0,0,0,1,0,0,1,0,0,2,0,0,0,0,0,12,0.0808452083454443,0.0808452083454443,0.0808452083454443,0,0,0,0.0808452083454443,0,0,0.0808452083454443,0,0,0.161690416690889,0,0,0,0,0,0.970142500145332,0.970142500145332,"none","per:title",0.0808452083454443,"Ginzburg","5","6","President","1","2","Russian President Dmitry Medvedev praised Ginzburg as a `` top physicist of our time whose discoveries had a huge impact on the development of national and world science '' in a letter of condolences released by the Kremlin ."
"CONTEXT_NEG_2571",0,0,0,0,0,0,0,0,14,0,0,0,0,0,0,0,0,0,1,0,0,0,0,0,0,0,0,0.997458699830735,0,0,0,0,0,0,0,0,0,0.0712470499879096,0.997458699830735,"per:spouse","per:children",0,"Hewitt","0","1","Marilyn Berger","11","13","Hewitt is survived by his wife of 30 years , journalist Marilyn Berger , two sons from his first marriage and two daughters from his second marriage ."
"CONTEXT_NEG_4261",0,0,0,0,0,0,0,0,0,1,0,2,0,0,0,0,0,0,12,0,0,0,0,0,0,0,0,0,0.0819231920519041,0,0.163846384103808,0,0,0,0,0,0,0.983078304622849,0.983078304622849,"none","org:subsidiaries",0.163846384103808,"Arcandor","3","4","Opel","10","11","Berlin said that Arcandor was struggling before the downturn whereas Opel had been hit with the double-whammy of the credit crunch and a collapse of the auto industry ."
"CONTEXT_NEG_833",0,0,1,0,0,0,0,0,0,0,0,1,0,0,0,0,4,7,2,0,0,0.118678165819385,0,0,0,0,0,0,0,0,0.118678165819385,0,0,0,0,0.474712663277541,0.830747160735697,0.237356331638771,0.830747160735697,"per:places_of_residence","per:place_of_death",0,"Clifton","7","8","Maryland","20","21","After her husband died in 1984 , Clifton taught at the University of California at Santa Cruz before returning to Maryland in 1989 ."
"CONTEXT_NEG_3658",1,0,0,0,1,0,0,0,0,1,0,0,0,0,0,0,0,0,13,0.0762492851663023,0,0,0,0.0762492851663023,0,0,0,0,0.0762492851663023,0,0,0,0,0,0,0,0,0.99124070716193,0.99124070716193,"none","org:subsidiaries",0,"Stockholm International Peace Research Institute","28","33","SCO","0","1","SCO members possess 17.5 percent of the world 's known oil reserves and nearly half the natural gas supplies , according to a 2007 study published by the Stockholm International Peace Research Institute ."
"CONTEXT_NEG_790",0,0,0,0,1,1,3,0,0,0,0,0,1,0,1,0,0,1,8,0,0,0,0,0.11322770341446,0.11322770341446,0.339683110243379,0,0,0,0,0,0.11322770341446,0,0.11322770341446,0,0,0.11322770341446,0.905821627315677,0.905821627315677,"none","per:age",0,"Mohammed Oudeh","0","2","one","3","4","Mohammed Oudeh , one of the leaders of the famous radical faction `` Black September '' and the mastermind of 1972 Munich raid , died of kidney disease on Saturday in Damascus ."
"CONTEXT_NEG_492",1,1,0,0,0,0,6,0,0,1,0,4,0,0,0,0,0,0,3,0.125,0.125,0,0,0,0,0.75,0,0,0.125,0,0.5,0,0,0,0,0,0,0.375,0.75,"org:top_members_employees","per:alternate_names",0,"Ronnie James Dio","4","7","Black Sabbath","14","16","The mammoth service for Ronnie James Dio , the fiery frontman for bands like Black Sabbath , was more akin to a spirited rock concert than a dreary funeral ."
"CONTEXT_NEG_3022",2,0,0,0,2,0,1,0,0,0,1,1,0,0,0,0,0,0,9,0.208514414057075,0,0,0,0.208514414057075,0,0.104257207028537,0,0,0,0.104257207028537,0.104257207028537,0,0,0,0,0,0,0.938314863256837,0.938314863256837,"none","per:schools_attended",0,"Don Meredith","52","54","Cowboys","4","5","Then there are the Cowboys , whose fans should fall to their knees , bow their heads and make a sacrifice of chips and salsa to the football gods each Sunday morning because all indications are Tony Romo will become the fourth franchise quarterback in the club 's 48-year history , succeeding Don Meredith , Roger Staubach and Aikman ."
"CONTEXT_NEG_4",1,0,0,1,0,0,0,0,0,0,0,0,0,0,0,5,1,0,8,0.104257207028537,0,0,0.104257207028537,0,0,0,0,0,0,0,0,0,0,0,0.521286035142687,0.104257207028537,0,0.834057656228299,0.834057656228299,"none","per:charges",0.521286035142687,"Ramazan Bashardost","7","9","fraud","30","31","`` It 's a disaster, '' said Ramazan Bashardost , a lawmaker who came in a distant third in the country 's botched August election , which was marred by fraud so widespread a third of Karzai 's ballots were thrown out ."
"CONTEXT_NEG_3169",1,0,2,1,1,0,0,0,1,0,0,0,0,0,0,0,2,8,0,0.114707866935281,0,0.229415733870562,0.114707866935281,0.114707866935281,0,0,0,0.114707866935281,0,0,0,0,0,0,0,0.229415733870562,0.917662935482247,0,0.917662935482247,"per:places_of_residence","per:places_of_residence",0.917662935482247,"Gwathmey","19","20","Los Angeles","21","23","Gwathmey 's first marriage , to Emily Gwathmey , ended in divorce ; they had one daughter , Annie Gwathmey of Los Angeles , who survives him ."
"CONTEXT_NEG_3965",1,0,0,1,0,0,0,0,0,0,0,7,0,0,5,1,1,0,2,0.110431526074847,0,0,0.110431526074847,0,0,0,0,0,0,0,0.773020682523926,0,0,0.552157630374233,0.110431526074847,0.110431526074847,0,0.220863052149693,0.773020682523926,"org:subsidiaries","org:place_of_headquarters",0.552157630374233,"China Banking Regulatory Commission","13","17","Shanghai","9","10","The bank said it filed an application with the Shanghai bureau of the China Banking Regulatory Commission on June 25 , the day after Taiwan 's Financial Supervisory Commission ( FSC ) gave the green light for the bank to open a Shanghai branch ."
"CONTEXT_NEG_1070",0,1,0,0,0,0,3,0,0,2,0,0,0,0,1,0,0,0,9,0,0.102062072615966,0,0,0,0,0.306186217847897,0,0,0.204124145231932,0,0,0,0,0.102062072615966,0,0,0,0.918558653543692,0.918558653543692,"none","per:title",0,"Alexander Haig","24","26","director","46","47","Bigwigs who have attended the two-week retreat include George H.W. Bush , Dick Cheney , Alan Greenspan , Walter Cronkite , Newt Gingrich , Alexander Haig , Jack Kemp , Henry Kissinger , Colin Powell , John Major , William F. Buckley , and former C.I.A. director William Casey ."
"CONTEXT_NEG_1782",4,0,0,0,0,1,1,0,0,0,0,0,0,0,0,0,1,0,8,0.439057039958761,0,0,0,0,0.10976425998969,0.10976425998969,0,0,0,0,0,0,0,0,0,0.10976425998969,0,0.878114079917523,0.878114079917523,"none","per:place_of_death",0,"Fignon","5","6","France","3","4","Former Tour de France victor Fignon has cancer"
"CONTEXT_NEG_3467",3,0,0,0,0,0,8,0,0,1,0,1,0,0,0,0,0,0,4,0.314485451016575,0,0,0,0,0,0.838627869377535,0,0,0.104828483672192,0,0.104828483672192,0,0,0,0,0,0,0.419313934688767,0.838627869377535,"org:top_members_employees","org:founded_by",0,"American Association for the Advancement of Science","15","22","Patrick Clemins","11","13","`` No way this would be a scientific reprieve, '' said Patrick Clemins of the American Association for the Advancement of Science ."
"CONTEXT_NEG_4266",0,0,1,0,0,0,1,0,0,1,0,5,0,0,0,0,0,0,8,0,0,0.104257207028537,0,0,0,0.104257207028537,0,0,0.104257207028537,0,0.521286035142687,0,0,0,0,0,0,0.834057656228299,0.834057656228299,"none","org:subsidiaries",0.521286035142687,"Arcandor","5","6","Sal Oppenheim","10","12","On Wednesday , the dominant Arcandor investor , investment bank Sal Oppenheim , said it had sold its own 3.7 percent stake ."
"CONTEXT_NEG_2854",0,0,0,0,0,0,0,0,0,0,0,0,0,0,0,0,0,0,15,0,0,0,0,0,0,0,0,0,0,0,0,0,0,0,0,0,0,1,1,"none","per:spouse",0,"Dunne","2","3","Ethel Skakel","15","17","Similarly , Dunne , a guest at the 1950 wedding of Robert F. Kennedy and Ethel Skakel , turned his theories about the culpability of Ethel 's nephew , Michael Skakel , in a long-unsolved murder into another novel , `` A Season in Purgatory '' ( 1993 ) ."
"CONTEXT_NEG_3961",0,0,0,0,0,0,2,0,0,0,0,1,0,0,7,0,0,1,5,0,0,0,0,0,0,0.223606797749979,0,0,0,0,0.111803398874989,0,0,0.782623792124926,0,0,0.111803398874989,0.559016994374947,0.782623792124926,"org:place_of_headquarters","org:place_of_headquarters",0.782623792124926,"China Banking Regulatory Commission","0","4","Beijing","12","13","China Banking Regulatory Commission Chairman Liu Mingkang told a finance forum in Beijing that Washington 's promise to keep interest rates low for an extended period was encouraging a dollar `` carry trade '' and fueling massive speculation ."
